Canada,,,,,,,,,,,,,,,,,,,,,,,,,,,,,,,,,,,,,,,,,,,,,,
_,2005,2006,2007,2008,2009,2010,2011,2012,2013,2014,2015,2016,2017,2018,2019,2020,2021,2022,2023,2024,2025,2026,2027,2028,2029,2030,2031,2032,2033,2034,2035,2036,2037,2038,2039,2040,2041,2042,2043,2044,2045,2046,2047,2048,2049,2050
Hydro / Wave / Tidal,358380.8,349124.5,363798.5,373817.3,365011.8,347937.5,371953.2,375760.2,387396.2,378786.2,378498.4,381710.1,390771.5,382163.9,375998.3,381169.28,378130.64,385441.78,375626.96,379623.31,401733.59,411852.56,419981.88,426869.5,436540.38,443003.08,446336.98,450324.92,454028.58,457200.29,465887.5,467417.39,468835.99,470024.22,471310.57,472122.51,472503.01,473445.5,473265.08,472173.46,471195.94,471942.62,472757.77,473427.37,474137.28,476049.12
Wind,1453.41,2529.41,3683.41,4715.44,7031.23,8354.23,11622.99,13716.78,17544.74,21484.5,26692.57,30624,31197,32814.01,32333,37454.07,35996.13,50816.97,54408.92,59534.77,60429.06,67972.82,73531.38,79436.82,85234.38,92447.75,111254.59,130403.24,148993.79,167085.75,184305.25,191832.79,199211.78,206950.17,214379.93,221741.21,239527.4,257535.9,274773.12,291459.15,307964.04,320515.08,332700.41,344803.7,356705.39,369473.84
Biomass / Geothermal,6997.43,7143.38,6971.02,6319.81,6057.39,8266.52,8716.9,9038.92,9208.18,11997.93,8462.34,10240.42,6300.36,9260.97,8892.72,9141.13,9461.53,11321.23,10291.32,10208,8281.2,8048.59,7787.57,8255.76,7537.47,7426.04,10268.81,13828.84,17871.67,20069.95,19716.07,21787,23896.4,26017.44,28250.48,30431.87,33444.33,36403.28,39154.23,41693.73,44172.44,47241.86,50476.86,53760.69,57112.79,60527.28
Solar,0,0,0,0,5,123,398,842,1173,1757.71,1426,1779,2001,2191,2194,5919.9,6249.05,7968.07,10667.02,10951.56,11707.13,12370.85,13034.4,13697.95,14361.5,15114.34,20577.39,26041.93,31473.45,36774.9,42161.8,42769.28,43247.8,43793.05,44301.81,44977.33,47716.47,50437.67,53163.22,55744.82,58235.12,58898.59,59782.75,60531.67,61214.7,62038.55
Uranium,86668.58,92144.58,88190.58,90585.23,84992.27,85526.59,88291.22,89487.62,97581.99,101207.8,96045.98,95687.01,95565,95029.01,95470,92645.8,86894.63,83081.65,82301.74,85400.52,78278.04,76028.67,76035.12,79075.16,81493.8,87624.81,95361.02,104341.01,112752.32,125787.15,131692.29,147402.04,163198.29,179349.95,196063.58,213669.05,218043.73,218762.28,222132.71,227949.32,229980.73,232644.77,235547.83,238732.78,241793.21,245278.04
Coal & Coke,97362.16,92204.69,97287.24,91097.93,76661.64,71258.57,65177.45,63091.11,64779.21,64238.38,57142.41,57243.38,55265.55,46520.81,44038.21,41913.67,32642.48,27548.97,19569.22,11310.04,8184.54,8183.05,7418.06,6253.35,3605.27,654.89,654.81,654.81,654.81,654.81,0,0,0,0,0,0,0,0,0,0,0,0,0,0,0,0
Natural Gas,40015.8,43057.99,47278.59,43912.88,42619.74,54093.18,63514.07,63899.03,60403.56,59038.3,65743.65,63421.96,62934.24,66979.59,69561.62,68037.5,74448.91,81136.49,89258.27,97732.65,98076.85,100957.43,106986.59,110925.75,118135.1,122842.69,104728.89,86058.73,69814.97,54848.91,41866.65,40455.78,39718.96,39341.53,39850.28,40610.15,43952.12,48449.88,51871.98,53636.88,55505.42,59854.35,64755.29,70146.96,75436.35,78276.28
Oil,8193.96,7877.58,8776.76,6929.51,7336.52,5187.67,4561.87,4271.87,4071.33,6616.76,5266.72,5087.45,4150.07,4189.29,3719.72,2058.4,1897.82,1419.63,1461.57,1429.4,1355.5,1144.65,1181.39,1482.02,1181.33,914.76,956.18,935.94,942.56,967.83,726.09,670.94,679.4,673.08,681.84,681.76,675.25,851.94,892.2,720.63,734.54,760.72,800.12,850.97,957.38,872.26
,,,,,,,,,,,,,,,,,,,,,,,,,,,,,,,,,,,,,,,,,,,,,,
Newfoundland and Labrador,,,,,,,,,,,,,,,,,,,,,,,,,,,,,,,,,,,,,,,,,,,,,,
_,2005,2006,2007,2008,2009,2010,2011,2012,2013,2014,2015,2016,2017,2018,2019,2020,2021,2022,2023,2024,2025,2026,2027,2028,2029,2030,2031,2032,2033,2034,2035,2036,2037,2038,2039,2040,2041,2042,2043,2044,2045,2046,2047,2048,2049,2050
Hydro / Wave / Tidal,40741.37,41953.37,40291.38,41897.25,36728,40286.8,40033.37,42202.52,41441.68,39047.83,39686,39482.99,36548,41831,40798,38146.83,40848.06,44235.28,44395.99,44605.21,44937.58,45011.14,45099.51,45125.85,45258.4,45437.34,45516.52,45596.5,45662.79,45690.2,45710.75,45775.4,45827.09,45867.3,45929.05,45985.98,46059.95,46139.21,46227.43,46314.24,46400.14,46479.38,46547.64,46529.02,46559.12,46570.98
Wind,0,0,0,0,102,183,198,195,192,176.96,172,190,186,206,182,194.5,160.5,194.5,194.5,194.5,194.5,194.5,194.5,194.5,194.5,194.5,194.5,194.5,194.5,194.5,194.5,194.5,194.5,194.5,194.5,194.5,194.5,194.5,194.5,194.5,194.5,194.5,194.5,194.5,194.5,194.5
Biomass / Geothermal,0,0,0,0,0,0,0,0,0,0,0,0,0,0,0,,,,,,,,,,,,,,,,,,,,,,,,,,,,,,,
Solar,0,0,0,0,0,0,0,0,0,0,0,0,0,0,0,1.17,1.17,1.17,1.17,1.17,1.17,3.24,5.31,7.38,9.45,11.51,12.09,12.66,13.24,13.81,14.39,14.96,15.54,16.11,16.69,17.26,17.94,18.62,19.3,19.98,20.66,21.34,22.02,22.7,23.38,24.06
Uranium,0,0,0,0,0,0,0,0,0,0,0,0,0,0,0,,,,,,,,,,,,,,,,,,,,,,,,,,,,,,,
Coal & Coke,0,0,0,0,0,0,0,0,0,0,0,0,0,0,0,,,,,,,,,,,,,,,,,,,,,,,,,,,,,,,
Natural Gas,267.07,277.82,236.77,456.94,447.62,454.97,449.29,418.8,444.36,416.68,225.22,265.72,391.17,113.27,263.31,250.41,264.08,99.73,80.4,125.05,55.08,55.08,55.08,46.82,23.36,6.93,1.18,0,0,0,0,0,0,0,0,0,0,6.96,6.96,3.48,3.48,15.23,10.45,21.13,24.75,17.96
Oil,1306.21,823.06,1305.52,1139.06,1121.59,1017.23,1039.36,998.93,1179.72,1595.16,1669.78,1909.28,1778.83,1483.73,1450.69,868.53,668.53,168.53,168.53,151.9,168.53,168.53,168.53,301.48,195.96,0,0,0,0,0,0,0,0,0,0,0,0,2.33,2.33,0,0,1.57,7.03,16.27,25.21,4.7
,,,,,,,,,,,,,,,,,,,,,,,,,,,,,,,,,,,,,,,,,,,,,,
Prince Edward Island,,,,,,,,,,,,,,,,,,,,,,,,,,,,,,,,,,,,,,,,,,,,,,
_,2005,2006,2007,2008,2009,2010,2011,2012,2013,2014,2015,2016,2017,2018,2019,2020,2021,2022,2023,2024,2025,2026,2027,2028,2029,2030,2031,2032,2033,2034,2035,2036,2037,2038,2039,2040,2041,2042,2043,2044,2045,2046,2047,2048,2049,2050
Hydro / Wave / Tidal,0,0,0,0,0,0,0,0,0,0,0,0,0,0,0,,,,,,,,,,,,,,,,,,,,,,,,,,,,,,,
Wind,40,36,40,142,347,458,488,468,499,611.28,606,594,604,640,645,700.34,598.56,1002.56,1002.56,1002.56,1323.01,1325.49,1328.07,1331.03,1333.84,1336.6,1338.21,1338.63,1338.79,1338.88,1338.53,1338.58,1338.63,1338.67,1338.7,1440.43,1441.41,1441.62,1441.66,1441.82,1441.96,1442.28,1442.66,1443.01,1443.2,1555.3
Biomass / Geothermal,0,0,0,5,5,5,5,5,5,2.5,3,3,2,2,3,1.51,2.19,7.36,6.45,7.89,4.75,5.64,3.9,3.64,4.71,5.86,5.65,9.42,9.53,9.11,5.08,4.65,4.02,3.78,3.58,3.39,3.09,5.13,4.82,3.42,3.41,3.76,4.58,4.9,5.12,4.54
Solar,0,0,0,0,0,0,0,0,0,0,0,0,0,0,0,0.68,0.68,0.68,0.68,0.68,0.68,1.54,2.39,3.25,4.11,30.39,46.41,63.02,79.63,96.03,109.97,110.78,111.37,111.73,111.86,111.87,111.96,112.06,112.08,112.19,112.3,133.82,155.19,176.54,197.89,218.32
Uranium,0,0,0,0,0,0,0,0,0,0,0,0,0,0,0,0,0,0,0,0,0,0,0,0,0,0,0,0,0,0,554.81,761.3,975.62,1190.9,1434.1,1640.38,1768.78,2125.16,2290.51,2346.38,2524.51,2610.5,2671.34,2729.02,2780.84,3066.26
Coal & Coke,0,0,0,0,0,0,0,0,0,0,0,0,0,0,0,,,,,,,,,,,,,,,,,,,,,,,,,,,,,,,
Natural Gas,0,0,0,0,0,0,0,0,0,0,0,0,0,0,0,,,,,,,,,,,,,,,,,,,,,,,,,,,,,,,
Oil,0.88,0.88,0.88,0.48,2.72,0,0,8.16,2.17,5.8,7,7,7,6,3,4.54,4.54,6.54,25.06,26.19,22.84,26.87,32.43,37.78,49.64,62.21,83.69,94.05,115.04,133.98,75.36,56.99,51.7,31.68,24.95,14.96,0,0,0,0,0,0,0,0.23,4.17,1.22
,,,,,,,,,,,,,,,,,,,,,,,,,,,,,,,,,,,,,,,,,,,,,,
Nova Scotia,,,,,,,,,,,,,,,,,,,,,,,,,,,,,,,,,,,,,,,,,,,,,,
_,2005,2006,2007,2008,2009,2010,2011,2012,2013,2014,2015,2016,2017,2018,2019,2020,2021,2022,2023,2024,2025,2026,2027,2028,2029,2030,2031,2032,2033,2034,2035,2036,2037,2038,2039,2040,2041,2042,2043,2044,2045,2046,2047,2048,2049,2050
Hydro / Wave / Tidal,926.06,926.06,926.06,1096.66,1074.14,1007.81,1112.47,851.5,1005.76,1128.69,979.2,779.28,824.89,910.29,1001.52,756.14,780.01,890.45,968.14,981.8,982.76,975.65,938.66,931.64,871.54,860.4,630.37,436.81,387.73,286.39,221.67,259.94,294.74,316.64,323.99,343.42,356.08,390.75,412.04,448.57,476.84,488.7,496,502.74,512.06,523.96
Wind,85,110,157,149,154,387,664.19,800,765,748.68,803.57,999,1309,1153,1057,925.45,1137.45,1953.85,2150.81,2157.5,2157.28,4160.23,6154.56,8152.53,10138.36,12134.24,14636.99,16654.38,18419.34,19877.99,21188.66,21712.1,22128.98,22506.31,22860.44,23118.73,23409.22,23760.77,23983.72,24171.92,24310.65,24486.47,24642.69,24789.02,24931.15,25053.2
Biomass / Geothermal,318,318,318,322,245,378,363,387,331,253.9,427,395,288,487,314,259.33,330.05,340.21,298,352.79,165.89,86.52,29.93,21.44,22.93,27.69,27.66,183.09,137.05,95.94,56.55,60.32,72.13,81.4,93.13,107.04,122.28,144.28,162.87,162.74,173.45,201.26,224.34,235.89,241.76,249.12
Solar,0,0,0,0,0,0,0,0,0,0,0,0,0,0,0,1.87,1.87,1.87,1.87,1.87,1.87,4.25,6.64,9.02,11.41,13.8,41.46,61.97,78.35,81.64,94.77,98.73,104.82,104.29,103.04,104.1,106.69,112.2,120.23,125.56,163.45,166.98,170.56,172.68,177.86,181.81
Uranium,0,0,0,0,0,0,0,0,0,0,0,0,0,0,0,,,,,,,,,,,,,,,,,,,,,,,,,,,,,,,
Coal & Coke,8374.98,8119.94,8768.63,8765.97,7688.15,7492.97,6494.95,6173.75,6848.48,5521.82,4854.08,4812.21,4829.16,4959.76,4972.72,4432.64,4621.24,3876.27,4206.93,3849.69,3342.39,3342.28,3342.03,2373.3,1542.65,0,0,0,0,0,0,0,0,0,0,0,0,0,0,0,0,0,0,0,0,0
Natural Gas,165.12,354.87,804.62,1158.91,1489.51,2111.4,2260.78,2103.87,1291.85,1363.72,2630.25,2462.57,2564.71,2328.57,2106.49,1663.49,1558.87,1117.37,1144.09,1520.39,1100.6,943.82,1011.78,1358.61,1269.95,1140.66,310.56,173.17,112.59,39.52,28.74,19.42,17.51,9.65,6.36,3.39,20.25,34.96,45.47,35.54,35.58,60.47,74.88,91.23,105.68,0
Oil,1911.5,1624.09,1586.95,708.16,1014.59,563.73,693.24,762.46,512.59,1608.56,491.61,348.22,247.13,309.67,207.79,35,36,0,0,0,0,0,0,0,0,0,0,0,0,0,0,0,0,0,0,0,0,1.32,3.98,0,0,0,1.98,10.67,17.81,4.11
,,,,,,,,,,,,,,,,,,,,,,,,,,,,,,,,,,,,,,,,,,,,,,
New Brunswick,,,,,,,,,,,,,,,,,,,,,,,,,,,,,,,,,,,,,,,,,,,,,,
_,2005,2006,2007,2008,2009,2010,2011,2012,2013,2014,2015,2016,2017,2018,2019,2020,2021,2022,2023,2024,2025,2026,2027,2028,2029,2030,2031,2032,2033,2034,2035,2036,2037,2038,2039,2040,2041,2042,2043,2044,2045,2046,2047,2048,2049,2050
Hydro / Wave / Tidal,3875,3731,2793.76,3536.09,2964.24,3325.35,3921.29,2957.28,3410.31,2963.11,2615,3262,2597,2535,2994,2571.99,2622.06,3025.48,2648.49,2773.65,2772.22,2638.68,2532.28,2741.97,2842.46,2935.57,2795.6,2644.78,2542.97,2394.12,2176.63,2281.83,2331.8,2380.63,2484.05,2518.31,2515.9,2820.34,2863.9,2757.87,2788.96,2819.1,2842.8,2858.01,2867.48,2877.85
Wind,0,0,0,0,270,389,693,733,737,785.85,792,766,781,825,888,903.02,710.02,1100.05,1100.05,1100.05,1328.85,1321.16,1313.61,1329.68,1333.55,1334.09,2669.5,3953.41,5278.16,6369.57,7349.52,7471.58,7575.44,7688.15,7865.98,7962.08,7969.21,8323.9,8346.1,8287.96,8420,8428.04,8440.17,8443.48,8443.84,8449.99
Biomass / Geothermal,610,610,562,647,576,585,569,579,558,474.7,309,328,270,508,505,561.55,587.92,513.78,456.07,478.32,428.63,413.1,414.52,437.36,380.21,376.59,271.03,177.36,249.54,211.13,170.07,152.69,140.19,126.5,128.66,120.02,117.05,235.79,247.9,164.05,168.19,177.56,184.5,190.53,192.77,193.06
Solar,0,0,0,0,0,0,0,0,0,0,0,0,0,0,0,1.65,1.65,1.65,1.65,1.65,49.53,53.43,57.34,61.25,65.16,69.07,104.22,135.43,166.35,192.46,219.56,223.32,222.82,223.37,226.11,226.22,226.46,244.78,247.13,249.65,249.94,319.22,387.86,456.95,525.9,594.88
Uranium,4378,4366,4119,1129,0,0,0,409,4479,5012.22,4277,4545,5120,4874,5016,4800.48,4613.24,5070.89,5018.78,5210.38,4927.38,4941.67,4999.94,5101.38,5210.67,5409.27,5284.86,5188,5145.99,5087.36,5056.79,5811.6,6546.48,7237.95,8038.06,8737.4,8540.72,4250.59,4230.98,8332.73,8310.96,8732.33,9175.65,9619.72,10087.48,10446.19
Coal & Coke,3101.05,3107.93,3093.98,3127.39,3123.34,2308.09,2613.65,2110.21,2612.52,3100.21,1734.25,2206.12,2106.72,2351.71,1831.15,1171.18,1470.46,1561.72,1522.87,1403.42,1186.16,1184.79,1184.79,1007.07,1007.07,0.08,0,0,0,0,0,0,0,0,0,0,0,0,0,0,0,0,0,0,0,0
Natural Gas,1980,2332,1876,1483,1974,2035,2177,1967,1966,2016.2,3143,3420,2337,2065,1941,1347.39,1580.22,2058.47,2065.65,2010.1,1956.4,1937.13,1950.18,604.68,488.51,222.14,115.74,86.45,61.58,16.9,0.47,0.27,0.03,0,0,0,0,0,0,0,0,0,0,0,0,0
Oil,3622.76,3622.79,3622.74,3341.97,4200.75,2546.01,1910.48,1629.3,1323.38,1592.6,1069.75,700.88,253.28,386.29,184.85,40.71,40.39,51.42,42.42,39.65,40.63,43.92,46.28,78.44,70.85,62.83,47.19,17.01,8.52,5.75,0,0,0,0,0,0,0,159.44,182.85,2.28,5.13,14.66,28.93,47.3,93.87,27.31
,,,,,,,,,,,,,,,,,,,,,,,,,,,,,,,,,,,,,,,,,,,,,,
Quebec,,,,,,,,,,,,,,,,,,,,,,,,,,,,,,,,,,,,,,,,,,,,,,
_,2005,2006,2007,2008,2009,2010,2011,2012,2013,2014,2015,2016,2017,2018,2019,2020,2021,2022,2023,2024,2025,2026,2027,2028,2029,2030,2031,2032,2033,2034,2035,2036,2037,2038,2039,2040,2041,2042,2043,2044,2045,2046,2047,2048,2049,2050
Hydro / Wave / Tidal,173112.6,172347.6,180856.6,187783.8,189423,177402.2,189675.6,191955.4,202512.3,197207.4,194413.3,197315.9,201677.6,199829.6,199599.8,194227.42,200588.07,195745.31,195672.35,199345.76,217566.11,226084.54,231919.54,237222.35,241225.33,245779.03,248171.94,250516.13,252798.5,255057.02,259601.07,260551.34,261398.25,262117.2,262916.14,263523.17,263773.06,264436.02,264436.41,263761.02,263410.42,263516,263563.26,263653.4,263687.16,264263.54
Wind,416,419,617,565,1322,1535.14,1393.8,2278.06,4717.86,6124.31,6421,9781,9905,10640,11097,11322.93,10322.93,14322.93,14322.93,14979.56,14979.56,14979.56,14979.56,14979.56,14979.56,14979.56,15105.33,15231.1,15356.87,15482.65,15608.42,16166.65,16724.88,17283.12,17841.35,18399.59,18399.59,18399.59,18399.59,18399.59,18399.59,18399.59,18399.59,18399.59,18399.59,18399.59
Biomass / Geothermal,646,646,646,439,550,843.91,1088.82,1232.85,1613.84,943.52,925.31,1348.41,1705.73,1627.51,1511.07,1309.41,1301.22,1569.81,1562.41,1590.8,1313.56,1326.08,1340.34,1345.68,1351.04,1358.35,1395.62,1741.1,1762.31,1690.43,1672.19,1657.78,1650.17,1640.17,1641,1650.96,1662.6,1715.9,1731.84,1670.3,1661.44,1702.49,1717.23,1736.22,1745.21,1753.78
Solar,0,0,0,0,0,0,0,0,0,0,1,1,1,1,1,30.53,33.53,29.53,29.53,29.53,29.53,52.84,76.15,99.46,122.77,146.08,241.82,337.56,433.3,529.04,624.78,668.49,712.19,755.9,799.6,843.31,968.8,1094.3,1219.8,1345.29,1470.79,1499.92,1529.06,1558.2,1587.34,1616.47
Uranium,4321.58,4321.58,4321.58,3624.23,3596.28,3551.59,3525.22,4212.62,0,0,0,0,0,0,0,0,0,0,0,0,0,0,0,0,0,0,0,0,0,0,0,1229.13,2559.64,3908.49,5244.11,6668.4,9052.78,11548.54,13861.95,15855.72,17863.26,18113.79,18319.29,18518.07,18649.57,18897.99
Coal & Coke,0,0,0,0,0,0,0,0,0,0,0,0,0,0,0,,,,,,,,,,,,,,,,,,,,,,,,,,,,,,,
Natural Gas,269,1326,3945,228,264,222.4,174.24,185.01,112.84,156.54,141.41,164.89,188.25,169.76,163.06,86.55,106.41,298.68,262.62,489.77,4.54,5.5,17.28,710.02,548.59,169.72,168.93,166.16,159.25,129.76,0,0,0,0,0,0,0,0,0,0,0,0,0,0,0,0
Oil,180.26,366.03,668.83,532.89,392.12,585.88,546.18,518.65,475.06,496.68,532.04,660.06,421.08,593.07,501.07,556.76,556.46,576.7,593.94,577.26,556.44,321.65,322.24,484.57,315.87,321.86,322.9,322.9,322.9,322.9,322.22,322.25,321.97,321.86,321.86,327.28,321.8,322.07,321.24,321.24,321.09,321.23,324.02,324.18,340.1,333.06
,,,,,,,,,,,,,,,,,,,,,,,,,,,,,,,,,,,,,,,,,,,,,,
Ontario,,,,,,,,,,,,,,,,,,,,,,,,,,,,,,,,,,,,,,,,,,,,,,
_,2005,2006,2007,2008,2009,2010,2011,2012,2013,2014,2015,2016,2017,2018,2019,2020,2021,2022,2023,2024,2025,2026,2027,2028,2029,2030,2031,2032,2033,2034,2035,2036,2037,2038,2039,2040,2041,2042,2043,2044,2045,2046,2047,2048,2049,2050
Hydro / Wave / Tidal,35480,36031.99,34315,39614.99,39685.01,32555,34907,33887,37936,39199.48,35042.89,36513,40016.01,38280.99,36210.02,39004.98,35232.74,39081.49,36227.64,36845,35692.09,36546.65,36922.88,37441.61,37747.76,38205.76,38737.53,39515.25,40172.59,40793.53,41568.72,41822.47,42041.53,42219.24,42342.22,42428.05,42319.06,42186.06,41995.66,41602.41,41263.72,41184.5,41081.5,40924,40807.44,40793.28
Wind,26,145,494,1400,2300,2800,3900,4600,5200,6900.64,11396,10758,10464,11922.01,10957,13168.8,12419.58,17871.6,18055.59,18560.33,17836.56,20290.56,21835.29,23716.65,25411.94,28544.34,35450.01,43258.58,50870.21,58478.82,66599.91,71329.7,75904.45,80579.33,85167.01,89772.59,105472.48,121015.35,136277.48,151115.82,165502.38,176727.92,187681.37,198481.12,209063.53,220030.05
Biomass / Geothermal,807.53,733.51,598.95,484.04,657.05,735.1,607.89,672.86,586.34,905.14,937.11,1444.15,962.05,1310.77,1249.39,1100,1194.88,1071.08,1477.56,1922.34,1104.73,1178.23,1104.54,1471,1101.8,1201.5,1159.73,2388.69,2703.08,2534.26,2395.87,2455.31,2569.38,2649.26,2760.87,2910.17,3234.44,3599.2,3868.94,3956.08,4096.51,4325.44,4546.3,4774.67,4966.3,5127.56
Solar,0,0,0,0,5,123,398,842,1173,1757.71,1425,1776,1998,2163,2168,5636.2,5726.06,5991.44,8080.89,8170.34,8259.8,8349.25,8438.7,8528.15,8617.6,8707.05,9220.34,9745.62,10253.2,10746.7,11309.98,11404.12,11483.44,11580.75,11662.67,11740.02,12817.63,13883.01,14962.72,15986.72,17005.06,17198.67,17413.22,17578.23,17748.09,18008.92
Uranium,77969,83457,79750,85832,81395.98,81975,84766,84866,93102.99,96195.59,91768.98,91142.01,90445,90155.01,90454,87845.33,82281.39,78010.75,77282.95,80190.14,73350.66,71087.01,71035.18,73973.78,76283.13,82215.53,87471.6,94020.15,100050.56,110934.82,114956.81,125305.45,135686.7,146566.28,157897.02,169785.95,169765.17,169887.92,168798.59,166502.75,164889.79,165029.9,164963.32,164958.8,164816.24,164617.87
Coal & Coke,28734.08,23808.08,27468.72,22638.21,10461.15,10336.62,4329.34,3596.74,2742.24,94.81,0,0,0,0,0,,,,,,,,,,,,,,,,,,,,,,,,,,,,,,,
Natural Gas,13282.59,11807.7,13530.81,11214.3,7490.9,16885.54,24281.59,23380.22,18653.16,15720.97,16218.48,14862.2,8378.62,11831.22,11504.17,11039.36,11386.09,10841.55,11315.61,12116.01,9545.04,12079.35,15313.04,18511.89,20894.95,24412.9,20330.75,16200.7,14437,11441.17,9415.68,9858.69,10624.74,11344.15,12252.74,13522.94,17009.52,21968.96,25793.77,27424.11,30001.79,33859.18,37528.41,41328.12,44820.28,46989.06
Oil,309.95,309.95,309.95,182.56,215.24,73.47,45.67,65.78,45.15,381.13,657.48,544.26,377.97,459.69,409.18,85.07,93.36,85.07,85.07,76.57,81.6,81.6,81.6,64.75,42.09,13.66,13.66,13.66,13.66,13.66,13.66,0,0,0,0,0,0,0,0,0,0,0,0,0,6.85,13.71
,,,,,,,,,,,,,,,,,,,,,,,,,,,,,,,,,,,,,,,,,,,,,,
Manitoba,,,,,,,,,,,,,,,,,,,,,,,,,,,,,,,,,,,,,,,,,,,,,,
_,2005,2006,2007,2008,2009,2010,2011,2012,2013,2014,2015,2016,2017,2018,2019,2020,2021,2022,2023,2024,2025,2026,2027,2028,2029,2030,2031,2032,2033,2034,2035,2036,2037,2038,2039,2040,2041,2042,2043,2044,2045,2046,2047,2048,2049,2050
Hydro / Wave / Tidal,36440,33651,33513,34588,33549,33269,34206,32185,35337,34494.88,34774,36599,35991,30732,32935,36141.96,28860.21,36745.92,29781.39,30247.98,30402.73,31189.14,33120.25,33951.33,38950.73,40089.44,40802.16,41891.59,42887.11,43870.24,48663.47,49049.69,49391.73,49761.92,50002.7,50108.99,50115.38,50114.77,49997.99,49879.98,49799.24,49837.58,49889.41,49938.87,49973.75,50083.26
Wind,53,325,325,412,365,343,747,877,868,911.32,903,966,927,873,884,938.85,948.99,537.1,537.64,540.11,714.93,787.16,862.83,936.34,1023.98,1097.5,1098.69,1105.51,1115.83,1125.89,1319.45,1332.41,1343.59,1362.19,1383.86,1396.42,1408.42,1414.22,1411.19,1408.96,1405.8,1407.63,1409.91,1412.87,1413.71,1423.86
Biomass / Geothermal,27.33,32,27,38,0,0,0,39,42,64.4,82,108,56,46,82,79.9,80.9,80.53,78.65,62.34,77.21,72.11,80.57,78.13,74.36,80.87,83.36,79.6,78.66,75.42,63.89,61.34,58,54.93,53.1,51.25,57.46,63.36,63.2,60.99,56.62,61.69,66.87,68.6,72.22,74.51
Solar,0,0,0,0,0,0,0,0,0,0,0,0,0,0,0,8.35,10.35,15.35,17.35,17.35,17.35,27.79,38.23,48.67,59.11,69.55,90.34,111.13,131.92,152.71,173.5,176.48,179.47,182.45,185.43,188.42,217.61,246.8,275.99,305.18,334.37,335.86,337.36,338.85,340.34,341.83
Uranium,0,0,0,0,0,0,0,0,0,0,0,0,0,0,0,0,0,0,0,0,0,0,0,0,0,0,62.33,126.09,196.41,273.96,437.51,1429.88,2412.21,3404.15,4414.23,5575.86,6537.93,7568.05,8464.13,9292.91,10110.77,10670.04,11311.25,11941.41,12520.56,13140.36
Coal & Coke,413.26,316.98,380.97,380.18,137.79,43.57,48.77,50.54,64.18,67.62,61.83,27.48,29.44,4.91,0,,,,,,,,,,,,,,,,,,,,,,,,,,,,,,,
Natural Gas,41.65,90.76,172.59,133.66,129.41,98.95,109.3,60.7,30.49,32.09,119.35,69.02,70.72,51.46,39.9,20.93,46.3,176.39,176.54,158.97,176.83,176.47,178.4,150.95,110.58,12.34,12.98,14.07,15.4,16.92,0.1,0.06,0,0,0,0,0,0,0,0,0,0,0,0,0,0
Oil,8.29,7.35,10.64,9.45,4.71,2.37,3.53,2.65,1.93,6.79,5.82,2.51,2.84,1.64,1.1,16.41,16.87,16.34,16.34,14.71,16.34,16.34,16.41,14.22,10.14,0.78,0.91,1.09,1.16,1.25,0,0,0,0,0,0,0,0,0,0,0,0,0,0,1.16,3.79
,,,,,,,,,,,,,,,,,,,,,,,,,,,,,,,,,,,,,,,,,,,,,,
Alberta,,,,,,,,,,,,,,,,,,,,,,,,,,,,,,,,,,,,,,,,,,,,,,
_,2005,2006,2007,2008,2009,2010,2011,2012,2013,2014,2015,2016,2017,2018,2019,2020,2021,2022,2023,2024,2025,2026,2027,2028,2029,2030,2031,2032,2033,2034,2035,2036,2037,2038,2039,2040,2041,2042,2043,2044,2045,2046,2047,2048,2049,2050
Hydro / Wave / Tidal,2316,1966,2113,2150,1695,1620,2036,2319,2028,1821.38,1977,1971,2062,1991,2043,2431.07,2151.07,2251.07,1651.07,1651.07,1651.07,1651.07,1651.07,1651.07,1651.07,1651.07,1651.07,1646.5,1634.44,1576.65,1429.22,1416.68,1400.47,1375.99,1352.55,1348.97,1315.99,1313.27,1306.66,1299.81,1284.21,1298.79,1312.82,1325.04,1339.52,1351.53
Wind,741,921,1430,1473,1558,1629,2372,2601,3058,3518.87,4089,4586,4634,4119,4206,5452.61,6800.61,10161.26,13371.7,13371.7,13371.7,15191.02,16341.76,17492.49,18643.23,19793.96,26135.13,32463.59,38629.63,44521.78,49342.8,49202.86,49183.01,49101.88,49101.67,49075.03,49280.54,49448.95,49604.8,49748.8,50018,50169.06,50240.56,50408.42,50597.96,51106.71
Biomass / Geothermal,1725.17,1855.17,1870.36,1917.39,1861.5,1908.78,1972.19,2089.12,2250.1,3497.7,2120.3,2127.45,1158.51,1837.13,1844.11,1784.73,1793.58,1947.22,1804.18,1814.82,1244.16,1100.31,1030.53,883.71,1054.63,1156.4,2592.39,3992.3,5121.79,6227.3,6939.32,8072.78,9156.84,10230.36,11340.97,12449.07,13774.16,15062.6,16350.58,17636.69,18907.7,20391.59,21907.49,23451.23,24971.54,26491.94
Solar,0,0,0,0,0,0,0,0,0,0,0,2,2,25,23,178.12,405.88,1830.57,2335.84,2335.84,2420.21,2781.03,3141.85,3502.67,3863.49,4224.3,7756.34,11288.37,14809.53,18233.1,21566.53,21752.58,21828.23,21958.65,22066.86,22313.69,22920,23500.27,24084.38,24583.43,24938.97,24912.44,25087.37,25176.71,25193.19,25383.19
Uranium,0,0,0,0,0,0,0,0,0,0,0,0,0,0,0,0,0,0,0,0,0,0,0,0,0,0,0,0,0,0,0,0,0,0,0,214.79,1434.28,2626.96,3814.13,4987.19,6056.1,7229.5,8543.51,9960.75,11432.84,13015.64
Coal & Coke,43581.07,44117.04,43868.23,42131.1,40805,37566.91,38509.52,38070.06,38933.51,43727.18,38468.68,38222.75,36385.09,28913.59,27252.84,28140.71,16216.2,14231.54,7120.87,0,0,0,0,0,0,0,0,0,0,0,0,0,0,0,0,0,0,0,0,0,0,0,0,0,0,0
Natural Gas,19568.76,22063.15,22337.97,23347.1,26233.32,27594.87,28106.9,29938.05,31739.48,31585.45,33998.07,31541.04,36050.99,38692.25,40690.34,41400.15,46519.47,53506.2,60416.07,68261.92,70961.83,71146.3,72776.97,73224.92,72526.91,72304.81,61600.67,53370.91,43284.36,33248.93,27184,25675.41,24570.35,23924.62,23733.18,23548.05,22828.52,22096.88,21424.42,21072.82,20334.89,20474.5,20990.83,21644.31,22345.45,22446.15
Oil,509.44,860.08,922.06,635.87,14.15,26.51,25.4,28.93,27,78.41,80.24,48.21,98.92,38.16,63.82,15.66,15.66,15.66,15.66,14.09,15.66,15.66,15.66,11.89,7.73,0,0,0,0,0,0,0,0,0,0,0,0,0,0,0,0,0,0,0,0,0.64
,,,,,,,,,,,,,,,,,,,,,,,,,,,,,,,,,,,,,,,,,,,,,,
British Columbia,,,,,,,,,,,,,,,,,,,,,,,,,,,,,,,,,,,,,,,,,,,,,,
_,2005,2006,2007,2008,2009,2010,2011,2012,2013,2014,2015,2016,2017,2018,2019,2020,2021,2022,2023,2024,2025,2026,2027,2028,2029,2030,2031,2032,2033,2034,2035,2036,2037,2038,2039,2040,2041,2042,2043,2044,2045,2046,2047,2048,2049,2050
Hydro / Wave / Tidal,60327,53902.91,64015.8,58525.63,56298.4,53970.88,60772.07,64477.04,58666.27,57572.87,64999.01,61840,66503.02,61791,56107.99,63813.67,63800.59,58860.47,59620.53,59398.56,62953.73,63022.85,63056.35,63076.77,63079.3,63079.3,63079.28,63077.13,63023.57,62731.75,61636.48,61338.29,61190.02,61009.67,60933.9,60769.92,60937.96,60925.07,60896.03,60977.25,60713.65,61250.39,61950.49,62618.25,63305.71,64437.03
Wind,0,0,0,0,34,123,484.6,507.98,860,1071.14,868,1223,1631,1724,1693,3008.28,2008.28,2008.28,2008.28,2008.28,2334.94,2628.88,2806.07,2983.26,3160.46,3337.65,4315.34,5293.02,6270.71,7248.39,8226.08,9929.02,11631.96,13334.9,15037.84,16740.78,17841.31,18941.83,20042.36,21142.89,22242.4,23218.83,24195.55,25172.06,26148.86,27129.12
Biomass / Geothermal,2863.41,2948.7,2948.7,2467.38,2162.84,3810.74,4111,4034.09,3821.9,5856.07,3658.62,4486.41,1858.06,3319.56,3275.15,3935.2,4057.95,5541.42,4329.76,3770.97,3707.62,3651.37,3637.08,3763.6,3304.13,3075.34,3619.27,3209.31,4946.35,5518.62,3846.39,3719.59,3597.39,3541.27,3498.86,3368.66,3649.73,3703.91,3785.4,4058.05,4073.46,4202.88,4502.75,4831.75,5303.57,5872.2
Solar,0,0,0,0,0,0,0,0,0,0,0,0,0,2,2,26.84,29.84,29.84,44.84,239.96,771.02,916.22,1061.42,1206.62,1351.82,1497.02,2455.56,3414.1,4372.64,5331.18,6289.73,6544.56,6799.39,7054.22,7309.05,7563.89,8374.22,9184.55,9994.88,10805.22,11614.86,11957.07,12299,12641.61,12983.75,13198.56
Uranium,0,0,0,0,0,0,0,0,0,0,0,0,0,0,0,0,0,0,0,0,0,0,0,0,0,0,1333.73,2650.86,3909.93,5036.25,5641.18,7442.23,9196.08,10861.23,12491.91,14073.1,14040.48,13910.8,13881.08,13917.91,13649.38,13636.76,13860.26,14215.94,14654.46,15194.17
Coal & Coke,0,0,0,0,0,0,0,0,0,0,0,0,0,0,0,,,,,,,,,,,,,,,,,,,,,,,,,,,,,,,
Natural Gas,2382.92,2388.62,2388.62,2635.13,1635.69,2089,3214.86,2557.92,1520.03,1689.2,1768.08,1872.05,3761.41,2122.27,2948.6,1171.4,1695.12,1651.85,1804.5,1947.95,3372.92,3522.39,3753.81,4593.21,8544.36,10377.98,10040.06,5734.38,2813.98,2277.48,795.83,838.09,825.41,787.46,850.29,765.64,1281.66,1554.33,1816.78,2398.12,2535.63,2811.03,3348.65,4106.25,5052.54,5759.17
Oil,91.06,35.56,91.56,94.57,111.11,107.1,91.71,46.18,289.31,556.96,130.32,187.96,335.65,276.78,307.08,74.24,72.37,94.67,97.64,82.42,64.05,63.88,63.88,13.57,8.82,0,0,0,0,0,0,0,0,0,0,0,0,0,0,0,0,0,0,0,0,1.09
,,,,,,,,,,,,,,,,,,,,,,,,,,,,,,,,,,,,,,,,,,,,,,
Saskatchewan,,,,,,,,,,,,,,,,,,,,,,,,,,,,,,,,,,,,,,,,,,,,,,
_,2005,2006,2007,2008,2009,2010,2011,2012,2013,2014,2015,2016,2017,2018,2019,2020,2021,2022,2023,2024,2025,2026,2027,2028,2029,2030,2031,2032,2033,2034,2035,2036,2037,2038,2039,2040,2041,2042,2043,2044,2045,2046,2047,2048,2049,2050
Hydro / Wave / Tidal,4573,4032,4393,4030,2962,3866,4641,4240,4449,4706.09,3426,3285,3855,3591,3666,3389.17,2494.56,3863.42,3976.59,3035.56,4039.13,3981.09,3982,3956.41,4108.65,4142.32,4115.57,4146.28,4043.77,3903.4,3962.83,3990.32,4011.76,4016.69,4054.31,4135.4,4139.82,4141.92,4144.4,4143.19,4088.2,4092.27,4094.17,4096.27,4100.4,4172.44
Wind,92,573,620,574,579,507,682,655,646,615.26,620,746,739,694,707,821.47,870.39,1639.75,1639.75,5605.08,6161.53,7066.29,7686.49,8291.21,8983.97,9642.92,10257.57,10856.32,11464.92,12392.42,12998.69,13016.78,13046.87,13421.2,13447.68,13473.43,13942.71,14427.07,14903.46,15378.38,15846.39,15858.38,15870.95,15877.13,15886.48,15923.03
Biomass / Geothermal,0,0,0,0,0,0,0,0,0,0,0,0,0,123,109,109.25,109.86,246.76,274.86,203.57,157.44,154.91,92.64,85.03,77.29,12.64,1020.23,1972.42,2818.93,3649.6,4557.12,5600.13,6645.25,7685.92,8725.46,9767.11,10818.45,11867.16,12931.7,13973.36,15022.17,16164.06,17309.96,18452.42,19597.49,20741.38
Solar,0,0,0,0,0,0,0,0,0,0,0,0,0,0,0,32.03,35.33,62.03,149.03,149.03,149.03,173.89,198.75,223.61,248.47,334.67,597.94,861.21,1124.48,1387.45,1649.83,1665.45,1680.74,1695.55,1710.85,1727.33,1813.95,1899.58,1985.11,2070.09,2153.93,2182.38,2210.24,2238.31,2266.05,2300.45
Uranium,0,0,0,0,0,0,0,0,0,0,0,0,0,0,0,0,0,0,0,0,0,0,0,0,0,0,1208.51,2355.92,3449.43,4454.75,5045.18,5422.46,5821.56,6180.95,6544.16,6973.17,6903.58,6844.26,6791.35,6713.74,6575.97,6621.96,6703.22,6789.06,6851.22,6899.55
Coal & Coke,13157.72,12734.72,13706.72,14055.07,14446.21,13510.41,13181.21,13089.82,13578.27,11726.75,12023.56,11974.82,11915.14,10290.84,9981.5,8169.14,10334.58,7879.44,6718.55,6056.93,3655.99,3655.99,2891.24,2872.97,1055.55,654.81,654.81,654.81,654.81,654.81,0,0,0,0,0,0,0,0,0,0,0,0,0,0,0,0
Natural Gas,1896.28,2247.28,1869.28,3083.94,2763.79,2503.59,2678.79,3253.18,4493.73,6022.45,7348.4,8613.18,9045.87,9436.16,9714.5,10914.03,11093.95,11246.93,11831.98,10952.15,10753.4,10928.03,11761.96,11549.76,13553.49,14021.78,11974.59,10139.84,8761.76,7506.62,4293.57,3954.13,3561.19,3146.7,2868.48,2642.79,2674.89,2640.44,2627.19,2536.92,2436.56,2469.21,2631.05,2780.26,2906.45,2888.35
Oil,17.9,19.5,25.9,22.6,17.9,20.8,12.3,11.3,15,12.4,2,1,1,1,1,1.02,1.02,1.02,1.02,0.92,0,0,0,0.52,0.34,0,0,0,0,0,0,0,0,0,0,0,0,0,0,0,0,0,0,0,0,2.03
,,,,,,,,,,,,,,,,,,,,,,,,,,,,,,,,,,,,,,,,,,,,,,
Yukon,,,,,,,,,,,,,,,,,,,,,,,,,,,,,,,,,,,,,,,,,,,,,,
_,2005,2006,2007,2008,2009,2010,2011,2012,2013,2014,2015,2016,2017,2018,2019,2020,2021,2022,2023,2024,2025,2026,2027,2028,2029,2030,2031,2032,2033,2034,2035,2036,2037,2038,2039,2040,2041,2042,2043,2044,2045,2046,2047,2048,2049,2050
Hydro / Wave / Tidal,330.63,330.63,330.63,348.29,379.06,380.43,388.07,430.19,347.19,410.67,422,419,448,419,376,438.41,505.9,494.2,434.66,447.18,442.8,443.85,443.85,444.2,466.51,466.16,466.16,466.16,466.16,466.16,466.16,462.8,463.51,464.1,464.57,458.65,459.2,459.53,459.83,460.02,460.06,460.31,460.51,460.67,460.84,461.02
Wind,0.41,0.41,0.41,0.44,0.23,0.09,0.4,0.45,0.28,0.33,1,1,0,0,0,1.08,1.08,1.08,1.08,1.08,10.38,10.38,10.38,10.38,10.38,14.57,14.57,14.57,14.57,14.57,25.54,25.54,25.54,25.54,25.54,52.3,52.3,52.3,52.3,52.3,52.3,52.3,52.3,52.3,52.3,52.3
Biomass / Geothermal,0,0,0,0,0,0,0,0,0,0,0,0,0,0,0,0.24,2.99,3.08,3.4,4.16,77.21,60.33,53.51,166.16,166.37,130.8,93.86,75.54,44.44,58.14,9.59,2.41,3.03,3.85,4.85,4.2,5.07,5.94,6.98,8.05,9.49,11.13,12.85,14.47,16.81,19.19
Solar,0,0,0,0,0,0,0,0,0,0,0,0,0,0,0,0.12,0.26,0.4,0.54,0.68,2.27,2.41,2.55,2.69,2.83,4.42,4.39,4.36,4.34,4.31,61.68,61.65,61.62,61.59,61.57,61.54,61.52,61.51,61.49,61.48,61.46,61.45,61.43,61.41,61.4,59.93
Uranium,0,0,0,0,0,0,0,0,0,0,0,0,0,0,0,,,,,,,,,,,,,,,,,,,,,,,,,,,,,,,
Coal & Coke,0,0,0,0,0,0,0,0,0,0,0,0,0,0,0,,,,,,,,,,,,,,,,,,,,,,,,,,,,,,,
Natural Gas,0,0,0,0,0,0,0,0,0,0,26,27,37,59,92,63.62,111.52,116.93,135.58,150.34,150.2,163.37,168.08,173.45,173.45,173.45,173.45,173.04,168.95,170.92,145.89,104.3,110.02,115.73,120.73,115.4,119.85,123.53,127.21,130.48,132.68,135.37,137.59,139.24,141.59,143.4
Oil,22.09,22.09,22.09,22.33,18.54,24.78,36.87,24.37,23.29,23,0,0,0,0,0,75.33,79.32,82.18,98.66,133.92,75.33,97.7,120.4,157.52,156.39,145.95,173.95,165.19,151.06,155.62,84.56,52.14,56.42,60.95,65.42,61.84,65.75,69.33,73.29,77.2,80.79,84.62,88.22,91.3,95.14,99.72
,,,,,,,,,,,,,,,,,,,,,,,,,,,,,,,,,,,,,,,,,,,,,,
Northwest Territories,,,,,,,,,,,,,,,,,,,,,,,,,,,,,,,,,,,,,,,,,,,,,,
_,2005,2006,2007,2008,2009,2010,2011,2012,2013,2014,2015,2016,2017,2018,2019,2020,2021,2022,2023,2024,2025,2026,2027,2028,2029,2030,2031,2032,2033,2034,2035,2036,2037,2038,2039,2040,2041,2042,2043,2044,2045,2046,2047,2048,2049,2050
Hydro / Wave / Tidal,259.11,251.87,250.25,246.58,253.95,253.95,260.35,255.2,262.76,233.82,164,243,249,253,267,247.64,247.37,248.69,250.11,291.54,293.36,307.89,315.47,326.29,338.63,356.68,370.78,387.8,408.96,430.82,450.49,468.64,485.1,494.85,507.1,501.65,510.61,518.55,524.73,529.1,510.51,515.6,519.17,521.11,523.8,514.24
Wind,0,0,0,0,0,0,0,1.3,1.6,19.85,21,14,17,18,17,16.74,17.74,24.02,24.02,14.01,14.4,16.17,16.85,17.77,19.18,21.53,22.47,23.35,23.97,24.02,24.02,24.02,24.02,24.02,24.02,24.02,24.02,24.02,24.02,24.02,37.86,37.86,37.86,37.86,37.86,63.81
Biomass / Geothermal,0,0,0,0,0,0,0,0,0,0,0,0,0,0,0,,,,,,,,,,,,,,,,,,,,,,,,,,,,,,,
Solar,0,0,0,0,0,0,0,0,0,0,0,0,0,0,0,1.78,1.87,2.96,3.06,2.88,3.01,3.28,3.39,3.5,3.6,3.7,3.7,3.7,3.7,3.7,3.69,3.69,3.69,3.69,3.68,34.82,34.82,34.82,34.82,34.82,64.08,64.12,64.14,64.15,64.17,65.74
Uranium,0,0,0,0,0,0,0,0,0,0,0,0,0,0,0,,,,,,,,,,,,,,,,,,,,,,,,,,,,,,,
Coal & Coke,0,0,0,0,0,0,0,0,0,0,0,0,0,0,0,,,,,,,,,,,,,,,,,,,,,,,,,,,,,,,
Natural Gas,162.4,169.77,116.92,171.91,191.5,97.44,61.32,34.27,151.62,35,125.39,124.29,108.51,110.64,98.24,80.18,86.9,22.4,25.23,0,0,0,0,1.45,0.94,0,0,0,0.1,0.69,2.37,5.42,9.7,13.22,18.49,11.93,17.42,23.83,30.18,35.41,24.8,29.37,33.42,36.43,39.62,32.2
Oil,71.63,41.21,60.64,57.56,61.1,57.78,59.13,77.16,78.73,101.67,429.61,426.71,373.49,377.36,335.76,35.09,34.9,35.19,35.48,31.34,34.82,25.19,25.19,21.41,19.06,11.32,9.67,8.28,7.26,6.51,5.92,5.51,5.46,5.84,7.08,5.55,6.21,7.4,9.14,11.35,9.55,11.18,13.04,14.89,16.99,13.73
,,,,,,,,,,,,,,,,,,,,,,,,,,,,,,,,,,,,,,,,,,,,,,
Nunavut,,,,,,,,,,,,,,,,,,,,,,,,,,,,,,,,,,,,,,,,,,,,,,
_,2005,2006,2007,2008,2009,2010,2011,2012,2013,2014,2015,2016,2017,2018,2019,2020,2021,2022,2023,2024,2025,2026,2027,2028,2029,2030,2031,2032,2033,2034,2035,2036,2037,2038,2039,2040,2041,2042,2043,2044,2045,2046,2047,2048,2049,2050
Hydro / Wave / Tidal,0,0,0,0,0,0,0,0,0,0,0,0,0,0,0,,,,,,,,,,,,,,,,,,,,,,,,,,,,,,,
Wind,0,0,0,0,0,0,0,0,0,0,0,0,0,0,0,0,0,0,0,0,1.42,1.42,1.42,1.42,1.42,16.27,16.27,16.27,16.27,16.27,89.14,89.05,89.92,90.36,91.34,91.33,91.71,91.77,91.94,92.19,92.22,92.23,92.31,92.36,92.41,92.38
Biomass / Geothermal,0,0,0,0,0,0,0,0,0,0,0,0,0,0,0,,,,,,,,,,,,,,,,,,,,,,,,,,,,,,,
Solar,0,0,0,0,0,0,0,0,0,0,0,0,0,0,0,0.56,0.57,0.57,0.58,0.58,1.67,1.67,1.68,1.68,1.69,2.78,2.78,2.77,2.77,2.77,43.41,44.47,44.48,44.75,44.39,44.86,44.87,45.16,45.28,45.21,45.25,45.32,45.31,45.33,45.35,44.39
Uranium,0,0,0,0,0,0,0,0,0,0,0,0,0,0,0,,,,,,,,,,,,,,,,,,,,,,,,,,,,,,,
Coal & Coke,0,0,0,0,0,0,0,0,0,0,0,0,0,0,0,,,,,,,,,,,,,,,,,,,,,,,,,,,,,,,
Natural Gas,0,0,0,0,0,0,0,0,0,0,0,0,0,0,0,,,,,,,,,,,,,,,,,,,,,,,,,,,,,,,
Oil,142,145,149,182,162,162,98,98,98,157.6,191.06,251.38,252.89,255.89,254.39,250.03,278.39,286.3,281.74,280.44,279.25,283.31,288.78,295.86,304.45,296.14,304.21,313.77,322.97,328.16,224.37,234.05,243.84,252.75,262.53,272.13,281.49,290.05,299.37,308.56,317.98,327.46,336.89,346.13,356.08,367.17
